timestamp_iso,timestamp_ms,session_id,test_id,state,state_name,fault_flags_hex,fault_list,estop,arm,mode_air,mode_water,charge,discharge,v_alt_V,i_load_A,power_alt_W,i_pump_A,i_comp_A,power_pump_W,power_comp_W,p1_vessel_psi,p2_motor_psi,p_hydro_mbar,temp_water_C,depth_cm,rpm_alt,rpm_water,water_valve_cmd_pct,water_valve_fb_pct,air_pulse_hz,compressor_on,pump_on,air_arm_open,water_valve_open,air_pulsing,v_setpoint_V,energy_alt_J,energy_pump_J,energy_comp_J,energy_input_J,eta_round_trip_pct,dp1_dt_psi_per_s
2026-06-05T00:38:16.976+00:00,206,3ededbfd-bb7b-4ced-bdd2-5584194b0c5d,,11,ESTOP,0x0C43,ESTOP|OVERVOLTAGE|I2C_TIMEOUT|SELFTEST|OVERPRESSURE,1,0,0,0,0,0,43.01,19.183,825.06,0.0,0.0,0.0,0.0,185.16,94.29,0.0,0.0,0.0,0.0,0.0,0.0,,0.0,0,0,0,0,0,8.0,0.0,0.0,0.0,0.0,0.0,0.0
2026-06-05T00:38:17.141+00:00,331,3ededbfd-bb7b-4ced-bdd2-5584194b0c5d,,11,ESTOP,0x0C43,ESTOP|OVERVOLTAGE|I2C_TIMEOUT|SELFTEST|OVERPRESSURE,1,0,0,0,0,0,42.96,19.086,819.93,0.0,0.0,0.0,0.0,186.38,94.41,0.0,0.0,0.0,0.0,0.0,0.0,,0.0,0,0,0,0,0,8.0,102.49,0.0,0.0,0.0,0.0,9.76
2026-06-05T00:38:17.220+00:00,455,3ededbfd-bb7b-4ced-bdd2-5584194b0c5d,,11,ESTOP,0x0C43,ESTOP|OVERVOLTAGE|I2C_TIMEOUT|SELFTEST|OVERPRESSURE,1,0,0,0,0,0,43.01,19.134,822.95,0.0,0.0,0.0,0.0,185.16,94.04,0.0,0.0,0.0,0.0,0.0,0.0,,0.0,0,0,0,0,0,8.0,204.54,0.0,0.0,0.0,0.0,-9.84
2026-06-05T00:38:17.334+00:00,580,3ededbfd-bb7b-4ced-bdd2-5584194b0c5d,,11,ESTOP,0x0C43,ESTOP|OVERVOLTAGE|I2C_TIMEOUT|SELFTEST|OVERPRESSURE,1,0,0,0,0,0,42.91,19.037,816.88,0.0,0.0,0.0,0.0,185.89,94.04,0.0,0.0,0.0,0.0,0.0,0.0,,0.0,0,0,0,0,0,8.0,306.65,0.0,0.0,0.0,0.0,5.84
2026-06-05T00:38:17.458+00:00,705,3ededbfd-bb7b-4ced-bdd2-5584194b0c5d,,11,ESTOP,0x0C43,ESTOP|OVERVOLTAGE|I2C_TIMEOUT|SELFTEST|OVERPRESSURE,1,0,0,0,0,0,42.96,19.037,817.83,0.0,0.0,0.0,0.0,185.16,93.92,0.0,0.0,0.0,0.0,0.0,0.0,,0.0,0,0,0,0,0,8.0,408.88,0.0,0.0,0.0,0.0,-5.84
2026-06-05T00:38:17.583+00:00,830,3ededbfd-bb7b-4ced-bdd2-5584194b0c5d,,11,ESTOP,0x0C43,ESTOP|OVERVOLTAGE|I2C_TIMEOUT|SELFTEST|OVERPRESSURE,1,0,0,0,0,0,42.96,19.037,817.83,0.0,0.0,0.0,0.0,186.38,94.04,0.0,0.0,0.0,0.0,0.0,0.0,,0.0,0,0,0,0,0,8.0,511.11,0.0,0.0,0.0,0.0,9.76
2026-06-05T00:38:17.707+00:00,954,3ededbfd-bb7b-4ced-bdd2-5584194b0c5d,,11,ESTOP,0x0C43,ESTOP|OVERVOLTAGE|I2C_TIMEOUT|SELFTEST|OVERPRESSURE,1,0,0,0,0,0,43.05,18.988,817.43,0.0,0.0,0.0,0.0,185.16,93.8,0.0,0.0,0.0,0.0,0.0,0.0,,0.0,0,0,0,0,0,8.0,612.47,0.0,0.0,0.0,0.0,-9.84
2026-06-05T00:38:17.833+00:00,1079,3ededbfd-bb7b-4ced-bdd2-5584194b0c5d,,11,ESTOP,0x0C43,ESTOP|OVERVOLTAGE|I2C_TIMEOUT|SELFTEST|OVERPRESSURE,1,0,0,0,0,0,43.05,19.086,821.65,0.0,0.0,0.0,0.0,187.12,94.53,0.0,0.0,0.0,0.0,0.0,0.0,,0.0,0,0,0,0,0,8.0,715.17,0.0,0.0,0.0,0.0,15.68
2026-06-05T00:38:17.957+00:00,1203,3ededbfd-bb7b-4ced-bdd2-5584194b0c5d,,11,ESTOP,0x0C43,ESTOP|OVERVOLTAGE|I2C_TIMEOUT|SELFTEST|OVERPRESSURE,1,0,0,0,0,0,43.05,19.037,819.54,0.0,0.0,0.0,0.0,185.16,93.68,0.0,0.0,0.0,0.0,0.0,0.0,,0.0,0,0,0,0,0,8.0,816.8,0.0,0.0,0.0,0.0,-15.81
2026-06-05T00:38:18.080+00:00,1328,3ededbfd-bb7b-4ced-bdd2-5584194b0c5d,,11,ESTOP,0x0C43,ESTOP|OVERVOLTAGE|I2C_TIMEOUT|SELFTEST|OVERPRESSURE,1,0,0,0,0,0,43.05,19.037,819.54,0.0,0.0,0.0,0.0,187.36,94.53,0.0,0.0,0.0,0.0,0.0,0.0,,0.0,0,0,0,0,0,8.0,919.24,0.0,0.0,0.0,0.0,17.6
2026-06-05T00:38:18.206+00:00,1452,3ededbfd-bb7b-4ced-bdd2-5584194b0c5d,,11,ESTOP,0x0C43,ESTOP|OVERVOLTAGE|I2C_TIMEOUT|SELFTEST|OVERPRESSURE,1,0,0,0,0,0,43.01,18.988,816.67,0.0,0.0,0.0,0.0,184.67,93.56,0.0,0.0,0.0,0.0,0.0,0.0,,0.0,0,0,0,0,0,8.0,1020.51,0.0,0.0,0.0,0.0,-21.69
2026-06-05T00:38:18.330+00:00,1576,3ededbfd-bb7b-4ced-bdd2-5584194b0c5d,,11,ESTOP,0x0C43,ESTOP|OVERVOLTAGE|I2C_TIMEOUT|SELFTEST|OVERPRESSURE,1,0,0,0,0,0,43.05,18.988,817.43,0.0,0.0,0.0,0.0,186.87,94.53,0.0,0.0,0.0,0.0,0.0,0.0,,0.0,0,0,0,0,0,8.0,1121.87,0.0,0.0,0.0,0.0,17.74
2026-06-05T00:38:18.456+00:00,1701,3ededbfd-bb7b-4ced-bdd2-5584194b0c5d,,11,ESTOP,0x0C43,ESTOP|OVERVOLTAGE|I2C_TIMEOUT|SELFTEST|OVERPRESSURE,1,0,0,0,0,0,43.05,18.988,817.43,0.0,0.0,0.0,0.0,185.16,93.68,0.0,0.0,0.0,0.0,0.0,0.0,,0.0,0,0,0,0,0,8.0,1224.05,0.0,0.0,0.0,0.0,-13.68
2026-06-05T00:38:18.579+00:00,1825,3ededbfd-bb7b-4ced-bdd2-5584194b0c5d,,11,ESTOP,0x0C43,ESTOP|OVERVOLTAGE|I2C_TIMEOUT|SELFTEST|OVERPRESSURE,1,0,0,0,0,0,43.05,18.988,817.43,0.0,0.0,0.0,0.0,187.6,94.66,0.0,0.0,0.0,0.0,0.0,0.0,,0.0,0,0,0,0,0,8.0,1325.41,0.0,0.0,0.0,0.0,19.68
2026-06-05T00:38:18.706+00:00,1950,3ededbfd-bb7b-4ced-bdd2-5584194b0c5d,,11,ESTOP,0x0C43,ESTOP|OVERVOLTAGE|I2C_TIMEOUT|SELFTEST|OVERPRESSURE,1,0,0,0,0,0,43.01,18.939,814.57,0.0,0.0,0.0,0.0,184.67,93.56,0.0,0.0,0.0,0.0,0.0,0.0,,0.0,0,0,0,0,0,8.0,1427.23,0.0,0.0,0.0,0.0,-23.44
2026-06-05T00:38:18.829+00:00,2074,3ededbfd-bb7b-4ced-bdd2-5584194b0c5d,,11,ESTOP,0x0C43,ESTOP|OVERVOLTAGE|I2C_TIMEOUT|SELFTEST|OVERPRESSURE,1,0,0,0,0,0,43.05,18.89,813.21,0.0,0.0,0.0,0.0,187.12,94.53,0.0,0.0,0.0,0.0,0.0,0.0,,0.0,0,0,0,0,0,8.0,1528.07,0.0,0.0,0.0,0.0,19.76
2026-06-05T00:38:18.956+00:00,2199,3ededbfd-bb7b-4ced-bdd2-5584194b0c5d,,11,ESTOP,0x0C43,ESTOP|OVERVOLTAGE|I2C_TIMEOUT|SELFTEST|OVERPRESSURE,1,0,0,0,0,0,43.05,18.939,815.32,0.0,0.0,0.0,0.0,185.16,93.56,0.0,0.0,0.0,0.0,0.0,0.0,,0.0,0,0,0,0,0,8.0,1629.98,0.0,0.0,0.0,0.0,-15.68
2026-06-05T00:38:19.079+00:00,2324,3ededbfd-bb7b-4ced-bdd2-5584194b0c5d,,11,ESTOP,0x0C43,ESTOP|OVERVOLTAGE|I2C_TIMEOUT|SELFTEST|OVERPRESSURE,1,0,0,0,0,0,43.05,18.939,815.32,0.0,0.0,0.0,0.0,187.36,94.53,0.0,0.0,0.0,0.0,0.0,0.0,,0.0,0,0,0,0,0,8.0,1731.9,0.0,0.0,0.0,0.0,17.6
2026-06-05T00:38:19.205+00:00,2448,3ededbfd-bb7b-4ced-bdd2-5584194b0c5d,,11,ESTOP,0x0C43,ESTOP|OVERVOLTAGE|I2C_TIMEOUT|SELFTEST|OVERPRESSURE,1,0,0,0,0,0,43.05,18.89,813.21,0.0,0.0,0.0,0.0,185.65,93.56,0.0,0.0,0.0,0.0,0.0,0.0,,0.0,0,0,0,0,0,8.0,1832.74,0.0,0.0,0.0,0.0,-13.79
2026-06-05T00:38:19.329+00:00,2573,3ededbfd-bb7b-4ced-bdd2-5584194b0c5d,,11,ESTOP,0x0C43,ESTOP|OVERVOLTAGE|I2C_TIMEOUT|SELFTEST|OVERPRESSURE,1,0,0,0,0,0,43.01,18.841,810.35,0.0,0.0,0.0,0.0,186.63,94.29,0.0,0.0,0.0,0.0,0.0,0.0,,0.0,0,0,0,0,0,8.0,1934.03,0.0,0.0,0.0,0.0,7.84
2026-06-05T00:38:19.455+00:00,2697,3ededbfd-bb7b-4ced-bdd2-5584194b0c5d,,11,ESTOP,0x0C43,ESTOP|OVERVOLTAGE|I2C_TIMEOUT|SELFTEST|OVERPRESSURE,1,0,0,0,0,0,43.05,18.841,811.11,0.0,0.0,0.0,0.0,185.41,93.68,0.0,0.0,0.0,0.0,0.0,0.0,,0.0,0,0,0,0,0,8.0,2034.61,0.0,0.0,0.0,0.0,-9.84
2026-06-05T00:38:19.578+00:00,2822,3ededbfd-bb7b-4ced-bdd2-5584194b0c5d,,11,ESTOP,0x0C43,ESTOP|OVERVOLTAGE|I2C_TIMEOUT|SELFTEST|OVERPRESSURE,1,0,0,0,0,0,43.05,18.841,811.11,0.0,0.0,0.0,0.0,187.12,94.66,0.0,0.0,0.0,0.0,0.0,0.0,,0.0,0,0,0,0,0,8.0,2136.0,0.0,0.0,0.0,0.0,13.68
2026-06-05T00:38:19.703+00:00,2947,3ededbfd-bb7b-4ced-bdd2-5584194b0c5d,,11,ESTOP,0x0C43,ESTOP|OVERVOLTAGE|I2C_TIMEOUT|SELFTEST|OVERPRESSURE,1,0,0,0,0,0,43.05,18.841,811.11,0.0,0.0,0.0,0.0,185.65,93.68,0.0,0.0,0.0,0.0,0.0,0.0,,0.0,0,0,0,0,0,8.0,2237.39,0.0,0.0,0.0,0.0,-11.76
2026-06-05T00:38:19.829+00:00,3070,3ededbfd-bb7b-4ced-bdd2-5584194b0c5d,,11,ESTOP,0x0C43,ESTOP|OVERVOLTAGE|I2C_TIMEOUT|SELFTEST|OVERPRESSURE,1,0,0,0,0,0,43.01,18.792,808.24,0.0,0.0,0.0,0.0,186.63,94.29,0.0,0.0,0.0,0.0,0.0,0.0,,0.0,0,0,0,0,0,8.0,2336.8,0.0,0.0,0.0,0.0,7.97
2026-06-05T00:38:19.952+00:00,3195,3ededbfd-bb7b-4ced-bdd2-5584194b0c5d,,11,ESTOP,0x0C43,ESTOP|OVERVOLTAGE|I2C_TIMEOUT|SELFTEST|OVERPRESSURE,1,0,0,0,0,0,43.1,18.792,809.94,0.0,0.0,0.0,0.0,185.65,93.8,0.0,0.0,0.0,0.0,0.0,0.0,,0.0,0,0,0,0,0,8.0,2438.04,0.0,0.0,0.0,0.0,-7.84
2026-06-05T00:38:20.079+00:00,3320,3ededbfd-bb7b-4ced-bdd2-5584194b0c5d,,11,ESTOP,0x0C43,ESTOP|OVERVOLTAGE|I2C_TIMEOUT|SELFTEST|OVERPRESSURE,1,0,0,0,0,0,43.05,18.792,809.0,0.0,0.0,0.0,0.0,186.87,94.41,0.0,0.0,0.0,0.0,0.0,0.0,,0.0,0,0,0,0,0,8.0,2539.17,0.0,0.0,0.0,0.0,9.76
2026-06-05T00:38:20.202+00:00,3444,3ededbfd-bb7b-4ced-bdd2-5584194b0c5d,,11,ESTOP,0x0C43,ESTOP|OVERVOLTAGE|I2C_TIMEOUT|SELFTEST|OVERPRESSURE,1,0,0,0,0,0,43.05,18.743,806.89,0.0,0.0,0.0,0.0,185.89,93.68,0.0,0.0,0.0,0.0,0.0,0.0,,0.0,0,0,0,0,0,8.0,2639.22,0.0,0.0,0.0,0.0,-7.9
2026-06-05T00:38:20.328+00:00,3569,3ededbfd-bb7b-4ced-bdd2-5584194b0c5d,,11,ESTOP,0x0C43,ESTOP|OVERVOLTAGE|I2C_TIMEOUT|SELFTEST|OVERPRESSURE,1,0,0,0,0,0,43.1,18.792,809.94,0.0,0.0,0.0,0.0,186.63,94.41,0.0,0.0,0.0,0.0,0.0,0.0,,0.0,0,0,0,0,0,8.0,2740.46,0.0,0.0,0.0,0.0,5.92
2026-06-05T00:38:20.452+00:00,3693,3ededbfd-bb7b-4ced-bdd2-5584194b0c5d,,11,ESTOP,0x0C43,ESTOP|OVERVOLTAGE|I2C_TIMEOUT|SELFTEST|OVERPRESSURE,1,0,0,0,0,0,43.05,18.743,806.89,0.0,0.0,0.0,0.0,186.14,93.8,0.0,0.0,0.0,0.0,0.0,0.0,,0.0,0,0,0,0,0,8.0,2840.52,0.0,0.0,0.0,0.0,-3.95
2026-06-05T00:38:20.578+00:00,3818,3ededbfd-bb7b-4ced-bdd2-5584194b0c5d,,11,ESTOP,0x0C43,ESTOP|OVERVOLTAGE|I2C_TIMEOUT|SELFTEST|OVERPRESSURE,1,0,0,0,0,0,43.1,18.792,809.94,0.0,0.0,0.0,0.0,186.38,94.41,0.0,0.0,0.0,0.0,0.0,0.0,,0.0,0,0,0,0,0,8.0,2941.76,0.0,0.0,0.0,0.0,1.92
2026-06-05T00:38:20.702+00:00,3943,3ededbfd-bb7b-4ced-bdd2-5584194b0c5d,,11,ESTOP,0x0C43,ESTOP|OVERVOLTAGE|I2C_TIMEOUT|SELFTEST|OVERPRESSURE,1,0,0,0,0,0,43.1,18.743,807.82,0.0,0.0,0.0,0.0,186.14,94.04,0.0,0.0,0.0,0.0,0.0,0.0,,0.0,0,0,0,0,0,8.0,3042.74,0.0,0.0,0.0,0.0,-1.92
2026-06-05T00:38:20.827+00:00,4067,3ededbfd-bb7b-4ced-bdd2-5584194b0c5d,,11,ESTOP,0x0C43,ESTOP|OVERVOLTAGE|I2C_TIMEOUT|SELFTEST|OVERPRESSURE,1,0,0,0,0,0,43.15,18.695,806.69,0.0,0.0,0.0,0.0,186.14,94.17,0.0,0.0,0.0,0.0,0.0,0.0,,0.0,0,0,0,0,0,8.0,3142.77,0.0,0.0,0.0,0.0,0.0
2026-06-05T00:38:20.955+00:00,4195,3ededbfd-bb7b-4ced-bdd2-5584194b0c5d,,11,ESTOP,0x0C43,ESTOP|OVERVOLTAGE|I2C_TIMEOUT|SELFTEST|OVERPRESSURE,1,0,0,0,0,0,43.05,18.597,800.6,5.177,4.142,621.24,497.04,185.65,93.8,0.0,0.0,0.0,0.0,0.0,0.0,,0.0,0,0,0,0,0,8.0,3245.24,79.52,63.62,143.14,2267.18,-3.83
2026-06-05T00:38:21.086+00:00,4325,3ededbfd-bb7b-4ced-bdd2-5584194b0c5d,,11,ESTOP,0x0C43,ESTOP|OVERVOLTAGE|I2C_TIMEOUT|SELFTEST|OVERPRESSURE,1,0,0,0,0,0,43.1,18.695,805.75,5.048,3.159,605.76,379.08,186.87,94.41,0.0,0.0,0.0,0.0,0.0,0.0,,0.0,0,0,0,0,0,8.0,3349.99,158.27,112.9,271.17,1235.39,9.38
2026-06-05T00:38:21.217+00:00,4455,3ededbfd-bb7b-4ced-bdd2-5584194b0c5d,,11,ESTOP,0x0C43,ESTOP|OVERVOLTAGE|I2C_TIMEOUT|SELFTEST|OVERPRESSURE,1,0,0,0,0,0,43.1,18.646,803.64,5.114,3.198,613.68,383.76,187.12,94.78,0.0,0.0,0.0,0.0,0.0,0.0,,0.0,0,0,0,0,0,8.0,3454.46,238.05,162.79,400.84,861.81,1.92
2026-06-05T00:38:21.345+00:00,4585,3ededbfd-bb7b-4ced-bdd2-5584194b0c5d,,11,ESTOP,0x0C43,ESTOP|OVERVOLTAGE|I2C_TIMEOUT|SELFTEST|OVERPRESSURE,1,0,0,0,0,0,43.1,18.646,803.64,5.149,3.185,617.88,382.2,186.63,94.29,0.0,0.0,0.0,0.0,0.0,0.0,,0.0,0,0,0,0,0,8.0,3558.94,318.37,212.48,530.85,670.43,-3.77
2026-06-05T00:38:21.476+00:00,4715,3ededbfd-bb7b-4ced-bdd2-5584194b0c5d,,11,ESTOP,0x0C43,ESTOP|OVERVOLTAGE|I2C_TIMEOUT|SELFTEST|OVERPRESSURE,1,0,0,0,0,0,43.1,18.646,803.64,5.179,3.201,621.48,384.12,185.16,93.8,0.0,0.0,0.0,0.0,0.0,0.0,,0.0,0,0,0,0,0,8.0,3663.41,399.16,262.41,661.57,553.74,-11.31
2026-06-05T00:38:21.607+00:00,4845,3ededbfd-bb7b-4ced-bdd2-5584194b0c5d,,11,ESTOP,0x0C43,ESTOP|OVERVOLTAGE|I2C_TIMEOUT|SELFTEST|OVERPRESSURE,1,0,0,0,0,0,43.1,18.597,801.53,5.208,3.205,624.96,384.6,185.41,93.56,0.0,0.0,0.0,0.0,0.0,0.0,,0.0,0,0,0,0,0,8.0,3767.61,480.41,312.41,792.82,475.22,1.92
2026-06-05T00:38:21.737+00:00,4975,3ededbfd-bb7b-4ced-bdd2-5584194b0c5d,,11,ESTOP,0x0C43,ESTOP|OVERVOLTAGE|I2C_TIMEOUT|SELFTEST|OVERPRESSURE,1,0,0,0,0,0,43.1,18.597,801.53,5.212,3.193,625.44,383.16,186.38,94.17,0.0,0.0,0.0,0.0,0.0,0.0,,0.0,0,0,0,0,0,8.0,3871.81,561.71,362.22,923.94,419.06,7.46
2026-06-05T00:38:21.868+00:00,5105,3ededbfd-bb7b-4ced-bdd2-5584194b0c5d,,11,ESTOP,0x0C43,ESTOP|OVERVOLTAGE|I2C_TIMEOUT|SELFTEST|OVERPRESSURE,1,0,0,0,0,0,43.05,18.548,798.49,5.263,3.217,631.56,386.04,187.36,94.53,0.0,0.0,0.0,0.0,0.0,0.0,,0.0,0,0,0,0,0,8.0,3975.61,643.82,412.41,1056.22,376.4,7.54
2026-06-05T00:38:21.996+00:00,5235,3ededbfd-bb7b-4ced-bdd2-5584194b0c5d,,11,ESTOP,0x0C43,ESTOP|OVERVOLTAGE|I2C_TIMEOUT|SELFTEST|OVERPRESSURE,1,0,0,0,0,0,43.1,18.548,799.42,5.291,3.225,634.92,387.0,187.12,94.66,0.0,0.0,0.0,0.0,0.0,0.0,,0.0,0,0,0,0,0,8.0,4079.54,726.36,462.72,1189.07,343.09,-1.85
2026-06-05T00:38:22.127+00:00,5365,3ededbfd-bb7b-4ced-bdd2-5584194b0c5d,,11,ESTOP,0x0C43,ESTOP|OVERVOLTAGE|I2C_TIMEOUT|SELFTEST|OVERPRESSURE,1,0,0,0,0,0,43.1,18.548,799.42,5.305,3.221,636.6,386.52,185.89,94.17,0.0,0.0,0.0,0.0,0.0,0.0,,0.0,0,0,0,0,0,8.0,4183.46,809.12,512.96,1322.08,316.43,-9.46
2026-06-05T00:38:22.258+00:00,5495,3ededbfd-bb7b-4ced-bdd2-5584194b0c5d,,11,ESTOP,0x0C43,ESTOP|OVERVOLTAGE|I2C_TIMEOUT|SELFTEST|OVERPRESSURE,1,0,0,0,0,0,43.1,18.548,799.42,5.323,3.229,638.76,387.48,185.16,93.68,0.0,0.0,0.0,0.0,0.0,0.0,,0.0,0,0,0,0,0,8.0,4287.39,892.15,563.34,1455.49,294.57,-5.62
2026-06-05T00:38:22.388+00:00,5625,3ededbfd-bb7b-4ced-bdd2-5584194b0c5d,,11,ESTOP,0x0C43,ESTOP|OVERVOLTAGE|I2C_TIMEOUT|SELFTEST|OVERPRESSURE,1,0,0,0,0,0,43.1,18.499,797.31,5.348,3.226,641.76,387.12,185.89,93.92,0.0,0.0,0.0,0.0,0.0,0.0,,0.0,0,0,0,0,0,8.0,4391.04,975.58,613.66,1589.24,276.3,5.62
2026-06-05T00:38:22.519+00:00,5755,3ededbfd-bb7b-4ced-bdd2-5584194b0c5d,,11,ESTOP,0x0C43,ESTOP|OVERVOLTAGE|I2C_TIMEOUT|SELFTEST|OVERPRESSURE,1,0,0,0,0,0,43.1,18.499,797.31,5.375,3.24,645.0,388.8,187.12,94.53,0.0,0.0,0.0,0.0,0.0,0.0,,0.0,0,0,0,0,0,8.0,4494.69,1059.43,664.21,1723.64,260.77,9.46
2026-06-05T00:38:22.648+00:00,5884,3ededbfd-bb7b-4ced-bdd2-5584194b0c5d,,11,ESTOP,0x0C43,ESTOP|OVERVOLTAGE|I2C_TIMEOUT|SELFTEST|OVERPRESSURE,1,0,0,0,0,0,43.05,18.499,796.38,5.41,3.255,649.2,390.6,187.36,94.66,0.0,0.0,0.0,0.0,0.0,0.0,,0.0,0,0,0,0,0,8.0,4597.42,1143.18,714.59,1857.77,247.47,1.86
2026-06-05T00:38:22.778+00:00,6014,3ededbfd-bb7b-4ced-bdd2-5584194b0c5d,,11,ESTOP,0x0C43,ESTOP|OVERVOLTAGE|I2C_TIMEOUT|SELFTEST|OVERPRESSURE,1,0,0,0,0,0,43.05,18.499,796.38,5.418,3.249,650.16,389.88,186.38,94.41,0.0,0.0,0.0,0.0,0.0,0.0,,0.0,0,0,0,0,0,8.0,4700.95,1227.7,765.28,1992.98,235.88,-7.54
2026-06-05T00:38:22.909+00:00,6145,3ededbfd-bb7b-4ced-bdd2-5584194b0c5d,,11,ESTOP,0x0C43,ESTOP|OVERVOLTAGE|I2C_TIMEOUT|SELFTEST|OVERPRESSURE,1,0,0,0,0,0,43.05,18.499,796.38,5.417,3.234,650.04,388.08,185.16,93.68,0.0,0.0,0.0,0.0,0.0,0.0,,0.0,0,0,0,0,0,8.0,4805.27,1312.86,816.12,2128.97,225.71,-9.31
2026-06-05T00:38:23.041+00:00,6275,3ededbfd-bb7b-4ced-bdd2-5584194b0c5d,,11,ESTOP,0x0C43,ESTOP|OVERVOLTAGE|I2C_TIMEOUT|SELFTEST|OVERPRESSURE,1,0,0,0,0,0,43.1,18.45,795.2,5.416,3.222,649.92,386.64,185.65,93.8,0.0,0.0,0.0,0.0,0.0,0.0,,0.0,0,0,0,0,0,8.0,4908.65,1397.35,866.38,2263.72,216.84,3.77
2026-06-05T00:38:23.171+00:00,6405,3ededbfd-bb7b-4ced-bdd2-5584194b0c5d,,11,ESTOP,0x0C43,ESTOP|OVERVOLTAGE|I2C_TIMEOUT|SELFTEST|OVERPRESSURE,1,0,0,0,0,0,43.1,18.45,795.2,5.4,3.193,648.0,383.16,186.63,94.29,0.0,0.0,0.0,0.0,0.0,0.0,,0.0,0,0,0,0,0,8.0,5012.03,1481.59,916.19,2397.77,209.03,7.54
2026-06-05T00:38:23.299+00:00,6535,3ededbfd-bb7b-4ced-bdd2-5584194b0c5d,,11,ESTOP,0x0C43,ESTOP|OVERVOLTAGE|I2C_TIMEOUT|SELFTEST|OVERPRESSURE,1,0,0,0,0,0,43.05,18.401,792.16,5.415,3.206,649.8,384.72,187.12,94.66,0.0,0.0,0.0,0.0,0.0,0.0,,0.0,0,0,0,0,0,8.0,5115.01,1566.06,966.2,2532.26,201.99,3.77
2026-06-05T00:38:23.430+00:00,6665,3ededbfd-bb7b-4ced-bdd2-5584194b0c5d,,11,ESTOP,0x0C43,ESTOP|OVERVOLTAGE|I2C_TIMEOUT|SELFTEST|OVERPRESSURE,1,0,0,0,0,0,43.15,18.352,791.89,5.42,3.184,650.4,382.08,187.12,94.66,0.0,0.0,0.0,0.0,0.0,0.0,,0.0,0,0,0,0,0,8.0,5217.95,1650.61,1015.87,2666.48,195.69,0.0
2026-06-05T00:38:23.560+00:00,6795,3ededbfd-bb7b-4ced-bdd2-5584194b0c5d,,11,ESTOP,0x0C43,ESTOP|OVERVOLTAGE|I2C_TIMEOUT|SELFTEST|OVERPRESSURE,1,0,0,0,0,0,43.1,18.401,793.08,5.425,3.181,651.0,381.72,185.65,94.04,0.0,0.0,0.0,0.0,0.0,0.0,,0.0,0,0,0,0,0,8.0,5321.05,1735.24,1065.5,2800.74,189.99,-11.31
2026-06-05T00:38:23.691+00:00,6925,3ededbfd-bb7b-4ced-bdd2-5584194b0c5d,,11,ESTOP,0x0C43,ESTOP|OVERVOLTAGE|I2C_TIMEOUT|SELFTEST|OVERPRESSURE,1,0,0,0,0,0,43.1,18.401,793.08,5.4,3.138,648.0,376.56,185.41,93.56,0.0,0.0,0.0,0.0,0.0,0.0,,0.0,0,0,0,0,0,8.0,5424.15,1819.48,1114.45,2933.93,184.88,-1.85
2026-06-05T00:38:23.822+00:00,7055,3ededbfd-bb7b-4ced-bdd2-5584194b0c5d,,11,ESTOP,0x0C43,ESTOP|OVERVOLTAGE|I2C_TIMEOUT|SELFTEST|OVERPRESSURE,1,0,0,0,0,0,43.1,18.352,790.97,5.396,3.129,647.52,375.48,186.14,93.92,0.0,0.0,0.0,0.0,0.0,0.0,,0.0,0,0,0,0,0,8.0,5526.98,1903.66,1163.26,3066.92,180.21,5.62
2026-06-05T00:38:23.950+00:00,7185,3ededbfd-bb7b-4ced-bdd2-5584194b0c5d,,11,ESTOP,0x0C43,ESTOP|OVERVOLTAGE|I2C_TIMEOUT|SELFTEST|OVERPRESSURE,1,0,0,0,0,0,43.1,18.352,790.97,5.377,3.09,645.24,370.8,187.36,94.53,0.0,0.0,0.0,0.0,0.0,0.0,,0.0,0,0,0,0,0,8.0,5629.81,1987.54,1211.47,3199.01,175.99,9.38
2026-06-05T00:38:24.081+00:00,7315,3ededbfd-bb7b-4ced-bdd2-5584194b0c5d,,11,ESTOP,0x0C43,ESTOP|OVERVOLTAGE|I2C_TIMEOUT|SELFTEST|OVERPRESSURE,1,0,0,0,0,0,43.15,18.304,789.82,5.399,3.101,647.88,372.12,187.36,94.66,0.0,0.0,0.0,0.0,0.0,0.0,,0.0,0,0,0,0,0,8.0,5732.48,2071.76,1259.84,3331.61,172.06,0.0
2026-06-05T00:38:24.211+00:00,7445,3ededbfd-bb7b-4ced-bdd2-5584194b0c5d,,11,ESTOP,0x0C43,ESTOP|OVERVOLTAGE|I2C_TIMEOUT|SELFTEST|OVERPRESSURE,1,0,0,0,0,0,43.1,18.352,790.97,5.358,3.049,642.96,365.88,186.14,94.17,0.0,0.0,0.0,0.0,0.0,0.0,,0.0,0,0,0,0,0,8.0,5835.31,2155.35,1307.41,3462.76,168.52,-9.38
2026-06-05T00:38:24.342+00:00,7575,3ededbfd-bb7b-4ced-bdd2-5584194b0c5d,,11,ESTOP,0x0C43,ESTOP|OVERVOLTAGE|I2C_TIMEOUT|SELFTEST|OVERPRESSURE,1,0,0,0,0,0,43.1,18.304,788.9,5.362,3.048,643.44,365.76,185.16,93.68,0.0,0.0,0.0,0.0,0.0,0.0,,0.0,0,0,0,0,0,8.0,5937.87,2239.0,1354.96,3593.95,165.22,-7.54
2026-06-05T00:38:24.473+00:00,7705,3ededbfd-bb7b-4ced-bdd2-5584194b0c5d,,11,ESTOP,0x0C43,ESTOP|OVERVOLTAGE|I2C_TIMEOUT|SELFTEST|OVERPRESSURE,1,0,0,0,0,0,43.1,18.255,786.79,5.316,2.965,637.92,355.8,185.65,93.8,0.0,0.0,0.0,0.0,0.0,0.0,,0.0,0,0,0,0,0,8.0,6040.15,2321.93,1401.21,3723.14,162.23,3.77
2026-06-05T00:38:24.601+00:00,7835,3ededbfd-bb7b-4ced-bdd2-5584194b0c5d,,11,ESTOP,0x0C43,ESTOP|OVERVOLTAGE|I2C_TIMEOUT|SELFTEST|OVERPRESSURE,1,0,0,0,0,0,43.1,18.304,788.9,5.307,2.96,636.84,355.2,186.87,94.41,0.0,0.0,0.0,0.0,0.0,0.0,,0.0,0,0,0,0,0,8.0,6142.71,2404.72,1447.39,3852.1,159.46,9.38
2026-06-05T00:38:24.732+00:00,7965,3ededbfd-bb7b-4ced-bdd2-5584194b0c5d,,11,ESTOP,0x0C43,ESTOP|OVERVOLTAGE|I2C_TIMEOUT|SELFTEST|OVERPRESSURE,1,0,0,0,0,0,43.05,18.206,783.77,5.302,2.916,636.24,349.92,187.12,94.78,0.0,0.0,0.0,0.0,0.0,0.0,,0.0,0,0,0,0,0,8.0,6244.6,2487.43,1492.87,3980.3,156.89,1.92
2026-06-05T00:38:24.863+00:00,8095,3ededbfd-bb7b-4ced-bdd2-5584194b0c5d,,11,ESTOP,0x0C43,ESTOP|OVERVOLTAGE|I2C_TIMEOUT|SELFTEST|OVERPRESSURE,1,0,0,0,0,0,43.15,18.255,787.7,5.332,2.923,639.84,350.76,186.87,94.66,0.0,0.0,0.0,0.0,0.0,0.0,,0.0,0,0,0,0,0,8.0,6347.0,2570.61,1538.47,4109.08,154.46,-1.92
2026-06-05T00:38:24.994+00:00,8225,3ededbfd-bb7b-4ced-bdd2-5584194b0c5d,,11,ESTOP,0x0C43,ESTOP|OVERVOLTAGE|I2C_TIMEOUT|SELFTEST|OVERPRESSURE,1,0,0,0,0,0,43.1,18.255,786.79,5.31,2.864,637.2,343.68,185.41,93.92,0.0,0.0,0.0,0.0,0.0,0.0,,0.0,0,0,0,0,0,8.0,6449.28,2653.44,1583.15,4236.59,152.23,-11.23
2026-06-05T00:38:25.124+00:00,8355,3ededbfd-bb7b-4ced-bdd2-5584194b0c5d,,11,ESTOP,0x0C43,ESTOP|OVERVOLTAGE|I2C_TIMEOUT|SELFTEST|OVERPRESSURE,1,0,0,0,0,0,43.1,18.206,784.68,5.331,2.868,639.72,344.16,185.41,93.8,0.0,0.0,0.0,0.0,0.0,0.0,,0.0,0,0,0,0,0,8.0,6551.29,2736.61,1627.89,4364.5,150.1,0.0
2026-06-05T00:38:25.255+00:00,8485,3ededbfd-bb7b-4ced-bdd2-5584194b0c5d,,11,ESTOP,0x0C43,ESTOP|OVERVOLTAGE|I2C_TIMEOUT|SELFTEST|OVERPRESSURE,1,0,0,0,0,0,43.05,18.206,783.77,5.291,2.8,634.92,336.0,186.38,94.17,0.0,0.0,0.0,0.0,0.0,0.0,,0.0,0,0,0,0,0,8.0,6653.18,2819.14,1671.57,4490.72,148.15,7.46
2026-06-05T00:38:25.385+00:00,8615,3ededbfd-bb7b-4ced-bdd2-5584194b0c5d,,11,ESTOP,0x0C43,ESTOP|OVERVOLTAGE|I2C_TIMEOUT|SELFTEST|OVERPRESSURE,1,0,0,0,0,0,43.1,18.206,784.68,5.235,2.794,628.2,335.28,187.12,94.53,0.0,0.0,0.0,0.0,0.0,0.0,,0.0,0,0,0,0,0,8.0,6755.19,2900.81,1715.16,4615.97,146.34,5.69
2026-06-05T00:38:25.514+00:00,8745,3ededbfd-bb7b-4ced-bdd2-5584194b0c5d,,11,ESTOP,0x0C43,ESTOP|OVERVOLTAGE|I2C_TIMEOUT|SELFTEST|OVERPRESSURE,1,0,0,0,0,0,43.1,18.157,782.57,5.278,2.818,633.36,338.16,187.12,94.66,0.0,0.0,0.0,0.0,0.0,0.0,,0.0,0,0,0,0,0,8.0,6856.92,2983.15,1759.12,4742.27,144.59,0.0
2026-06-05T00:38:25.645+00:00,8875,3ededbfd-bb7b-4ced-bdd2-5584194b0c5d,,11,ESTOP,0x0C43,ESTOP|OVERVOLTAGE|I2C_TIMEOUT|SELFTEST|OVERPRESSURE,1,0,0,0,0,0,43.1,18.157,782.57,5.251,2.8,630.12,336.0,186.14,94.17,0.0,0.0,0.0,0.0,0.0,0.0,,0.0,0,0,0,0,0,8.0,6958.65,3065.06,1802.8,4867.86,142.95,-7.54
2026-06-05T00:38:25.775+00:00,9005,3ededbfd-bb7b-4ced-bdd2-5584194b0c5d,,11,ESTOP,0x0C43,ESTOP|OVERVOLTAGE|I2C_TIMEOUT|SELFTEST|OVERPRESSURE,1,0,0,0,0,0,43.15,18.108,781.36,5.205,2.775,624.6,333.0,185.16,93.68,0.0,0.0,0.0,0.0,0.0,0.0,,0.0,0,0,0,0,0,8.0,7060.23,3146.26,1846.09,4992.35,141.42,-7.54
2026-06-05T00:38:25.906+00:00,9135,3ededbfd-bb7b-4ced-bdd2-5584194b0c5d,,11,ESTOP,0x0C43,ESTOP|OVERVOLTAGE|I2C_TIMEOUT|SELFTEST|OVERPRESSURE,1,0,0,0,0,0,43.15,18.255,787.7,5.25,2.788,630.0,334.56,185.89,93.92,0.0,0.0,0.0,0.0,0.0,0.0,,0.0,0,0,0,0,0,8.0,7162.63,3228.16,1889.58,5117.74,139.96,5.62
2026-06-05T00:38:26.035+00:00,9265,3ededbfd-bb7b-4ced-bdd2-5584194b0c5d,,11,ESTOP,0x0C43,ESTOP|OVERVOLTAGE|I2C_TIMEOUT|SELFTEST|OVERPRESSURE,1,0,0,0,0,0,43.1,18.108,780.45,5.239,2.786,628.68,334.32,186.87,94.41,0.0,0.0,0.0,0.0,0.0,0.0,,0.0,0,0,0,0,0,8.0,7264.09,3309.89,1933.04,5242.93,138.55,7.54
2026-06-05T00:38:26.165+00:00,9395,3ededbfd-bb7b-4ced-bdd2-5584194b0c5d,,11,ESTOP,0x0C43,ESTOP|OVERVOLTAGE|I2C_TIMEOUT|SELFTEST|OVERPRESSURE,1,0,0,0,0,0,43.1,18.108,780.45,5.264,2.812,631.68,337.44,187.36,94.66,0.0,0.0,0.0,0.0,0.0,0.0,,0.0,0,0,0,0,0,8.0,7365.55,3392.01,1976.91,5368.92,137.19,3.77
2026-06-05T00:38:26.296+00:00,9525,3ededbfd-bb7b-4ced-bdd2-5584194b0c5d,,11,ESTOP,0x0C43,ESTOP|OVERVOLTAGE|I2C_TIMEOUT|SELFTEST|OVERPRESSURE,1,0,0,0,0,0,43.1,18.108,780.45,5.298,2.823,635.76,338.76,186.63,94.41,0.0,0.0,0.0,0.0,0.0,0.0,,0.0,0,0,0,0,0,8.0,7467.01,3474.66,2020.95,5495.61,135.87,-5.62
2026-06-05T00:38:26.427+00:00,9655,3ededbfd-bb7b-4ced-bdd2-5584194b0c5d,,11,ESTOP,0x0C43,ESTOP|OVERVOLTAGE|I2C_TIMEOUT|SELFTEST|OVERPRESSURE,1,0,0,0,0,0,43.1,18.108,780.45,5.252,2.798,630.24,335.76,185.41,94.04,0.0,0.0,0.0,0.0,0.0,0.0,,0.0,0,0,0,0,0,8.0,7568.47,3556.59,2064.6,5621.19,134.64,-9.38
2026-06-05T00:38:26.557+00:00,9785,3ededbfd-bb7b-4ced-bdd2-5584194b0c5d,,11,ESTOP,0x0C43,ESTOP|OVERVOLTAGE|I2C_TIMEOUT|SELFTEST|OVERPRESSURE,1,0,0,0,0,0,43.15,18.059,779.25,5.269,2.791,632.28,334.92,185.41,93.8,0.0,0.0,0.0,0.0,0.0,0.0,,0.0,0,0,0,0,0,8.0,7669.77,3638.78,2108.14,5746.92,133.46,0.0
2026-06-05T00:38:26.686+00:00,9915,3ededbfd-bb7b-4ced-bdd2-5584194b0c5d,,11,ESTOP,0x0C43,ESTOP|OVERVOLTAGE|I2C_TIMEOUT|SELFTEST|OVERPRESSURE,1,0,0,0,0,0,43.1,18.059,778.34,5.259,2.78,631.08,333.6,186.38,94.17,0.0,0.0,0.0,0.0,0.0,0.0,,0.0,0,0,0,0,0,8.0,7770.96,3720.82,2151.51,5872.33,132.33,7.46
2026-06-05T00:38:26.818+00:00,10045,3ededbfd-bb7b-4ced-bdd2-5584194b0c5d,,11,ESTOP,0x0C43,ESTOP|OVERVOLTAGE|I2C_TIMEOUT|SELFTEST|OVERPRESSURE,1,0,0,0,0,0,43.15,18.059,779.25,5.22,2.772,626.4,332.64,187.36,94.66,0.0,0.0,0.0,0.0,0.0,0.0,,0.0,0,0,0,0,0,8.0,7872.26,3802.26,2194.75,5997.01,131.27,7.54
2026-06-05T00:38:26.947+00:00,10175,3ededbfd-bb7b-4ced-bdd2-5584194b0c5d,,11,ESTOP,0x0C43,ESTOP|OVERVOLTAGE|I2C_TIMEOUT|SELFTEST|OVERPRESSURE,1,0,0,0,0,0,43.1,18.059,778.34,5.268,2.794,632.16,335.28,187.36,94.66,0.0,0.0,0.0,0.0,0.0,0.0,,0.0,0,0,0,0,0,8.0,7973.44,3884.44,2238.34,6122.77,130.23,0.0
2026-06-05T00:38:27.078+00:00,10305,3ededbfd-bb7b-4ced-bdd2-5584194b0c5d,,11,ESTOP,0x0C43,ESTOP|OVERVOLTAGE|I2C_TIMEOUT|SELFTEST|OVERPRESSURE,1,0,0,0,0,0,43.1,18.059,778.34,5.235,2.772,628.2,332.64,185.89,94.17,0.0,0.0,0.0,0.0,0.0,0.0,,0.0,0,0,0,0,0,8.0,8074.63,3966.1,2281.58,6247.68,129.24,-11.31
2026-06-05T00:38:27.209+00:00,10435,3ededbfd-bb7b-4ced-bdd2-5584194b0c5d,,11,ESTOP,0x0C43,ESTOP|OVERVOLTAGE|I2C_TIMEOUT|SELFTEST|OVERPRESSURE,1,0,0,0,0,0,43.1,17.961,774.12,5.221,2.766,626.52,331.92,185.16,93.8,0.0,0.0,0.0,0.0,0.0,0.0,,0.0,0,0,0,0,0,8.0,8175.26,4047.55,2324.73,6372.28,128.29,-5.62
2026-06-05T00:38:27.338+00:00,10565,3ededbfd-bb7b-4ced-bdd2-5584194b0c5d,,11,ESTOP,0x0C43,ESTOP|OVERVOLTAGE|I2C_TIMEOUT|SELFTEST|OVERPRESSURE,1,0,0,0,0,0,43.1,18.01,776.23,5.26,2.777,631.2,333.24,185.89,93.92,0.0,0.0,0.0,0.0,0.0,0.0,,0.0,0,0,0,0,0,8.0,8276.17,4129.61,2368.05,6497.66,127.37,5.62
2026-06-05T00:38:27.468+00:00,10695,3ededbfd-bb7b-4ced-bdd2-5584194b0c5d,,11,ESTOP,0x0C43,ESTOP|OVERVOLTAGE|I2C_TIMEOUT|SELFTEST|OVERPRESSURE,1,0,0,0,0,0,43.1,18.01,776.23,5.239,2.772,628.68,332.64,186.87,94.41,0.0,0.0,0.0,0.0,0.0,0.0,,0.0,0,0,0,0,0,8.0,8377.08,4211.34,2411.29,6622.63,126.49,7.54
2026-06-05T00:38:27.599+00:00,10825,3ededbfd-bb7b-4ced-bdd2-5584194b0c5d,,11,ESTOP,0x0C43,ESTOP|OVERVOLTAGE|I2C_TIMEOUT|SELFTEST|OVERPRESSURE,1,0,0,0,0,0,43.05,18.01,775.33,5.281,2.807,633.72,336.84,187.36,94.66,0.0,0.0,0.0,0.0,0.0,0.0,,0.0,0,0,0,0,0,8.0,8477.87,4293.72,2455.08,6748.8,125.62,3.77
2026-06-05T00:38:27.730+00:00,10955,3ededbfd-bb7b-4ced-bdd2-5584194b0c5d,,11,ESTOP,0x0C43,ESTOP|OVERVOLTAGE|I2C_TIMEOUT|SELFTEST|OVERPRESSURE,1,0,0,0,0,0,43.1,18.01,776.23,5.301,2.809,636.12,337.08,186.63,94.53,0.0,0.0,0.0,0.0,0.0,0.0,,0.0,0,0,0,0,0,8.0,8578.78,4376.41,2498.9,6875.32,124.78,-5.62
2026-06-05T00:38:27.860+00:00,11086,3ededbfd-bb7b-4ced-bdd2-5584194b0c5d,,11,ESTOP,0x0C43,ESTOP|OVERVOLTAGE|I2C_TIMEOUT|SELFTEST|OVERPRESSURE,1,0,0,0,0,0,43.1,17.961,774.12,5.245,2.782,629.4,333.84,185.65,94.04,0.0,0.0,0.0,0.0,0.0,0.0,,0.0,0,0,0,0,0,8.0,8680.19,4458.87,2542.64,7001.5,123.98,-7.48
2026-06-05T00:38:27.991+00:00,11216,3ededbfd-bb7b-4ced-bdd2-5584194b0c5d,,11,ESTOP,0x0C43,ESTOP|OVERVOLTAGE|I2C_TIMEOUT|SELFTEST|OVERPRESSURE,1,0,0,0,0,0,43.15,17.961,775.02,5.282,2.794,633.84,335.28,184.92,93.8,0.0,0.0,0.0,0.0,0.0,0.0,,0.0,0,0,0,0,0,8.0,8780.95,4541.27,2586.22,7127.49,123.2,-5.62
2026-06-05T00:38:28.120+00:00,11346,3ededbfd-bb7b-4ced-bdd2-5584194b0c5d,,11,ESTOP,0x0C43,ESTOP|OVERVOLTAGE|I2C_TIMEOUT|SELFTEST|OVERPRESSURE,1,0,0,0,0,0,43.1,17.961,774.12,5.262,2.78,631.44,333.6,186.38,94.04,0.0,0.0,0.0,0.0,0.0,0.0,,0.0,0,0,0,0,0,8.0,8881.58,4623.35,2629.59,7252.94,122.45,11.23
2026-06-05T00:38:28.250+00:00,11476,3ededbfd-bb7b-4ced-bdd2-5584194b0c5d,,11,ESTOP,0x0C43,ESTOP|OVERVOLTAGE|I2C_TIMEOUT|SELFTEST|OVERPRESSURE,1,0,0,0,0,0,43.15,17.961,775.02,5.245,2.779,629.4,333.48,187.6,94.66,0.0,0.0,0.0,0.0,0.0,0.0,,0.0,0,0,0,0,0,8.0,8982.33,4705.17,2672.94,7378.12,121.74,9.38
2026-06-05T00:38:28.381+00:00,11607,3ededbfd-bb7b-4ced-bdd2-5584194b0c5d,,11,ESTOP,0x0C43,ESTOP|OVERVOLTAGE|I2C_TIMEOUT|SELFTEST|OVERPRESSURE,1,0,0,0,0,0,43.15,17.961,775.02,5.3,2.808,636.0,336.96,187.6,94.66,0.0,0.0,0.0,0.0,0.0,0.0,,0.0,0,0,0,0,0,8.0,9083.86,4788.49,2717.09,7505.58,121.03,0.0
2026-06-05T00:38:28.512+00:00,11737,3ededbfd-bb7b-4ced-bdd2-5584194b0c5d,,11,ESTOP,0x0C43,ESTOP|OVERVOLTAGE|I2C_TIMEOUT|SELFTEST|OVERPRESSURE,1,0,0,0,0,0,43.1,17.961,774.12,5.26,2.785,631.2,334.2,186.14,94.29,0.0,0.0,0.0,0.0,0.0,0.0,,0.0,0,0,0,0,0,8.0,9184.5,4870.55,2760.53,7631.08,120.36,-11.23
2026-06-05T00:38:28.643+00:00,11867,3ededbfd-bb7b-4ced-bdd2-5584194b0c5d,,11,ESTOP,0x0C43,ESTOP|OVERVOLTAGE|I2C_TIMEOUT|SELFTEST|OVERPRESSURE,1,0,0,0,0,0,43.05,17.913,771.15,5.258,2.781,630.96,333.72,185.16,93.92,0.0,0.0,0.0,0.0,0.0,0.0,,0.0,0,0,0,0,0,8.0,9284.75,4952.57,2803.91,7756.49,119.7,-7.54
2026-06-05T00:38:28.773+00:00,11997,3ededbfd-bb7b-4ced-bdd2-5584194b0c5d,,11,ESTOP,0x0C43,ESTOP|OVERVOLTAGE|I2C_TIMEOUT|SELFTEST|OVERPRESSURE,1,0,0,0,0,0,43.1,17.913,772.05,5.279,2.785,633.48,334.2,185.41,93.8,0.0,0.0,0.0,0.0,0.0,0.0,,0.0,0,0,0,0,0,8.0,9385.11,5034.92,2847.36,7882.28,119.07,1.92
2026-06-05T00:38:28.902+00:00,12127,3ededbfd-bb7b-4ced-bdd2-5584194b0c5d,,11,ESTOP,0x0C43,ESTOP|OVERVOLTAGE|I2C_TIMEOUT|SELFTEST|OVERPRESSURE,1,0,0,0,0,0,43.1,17.913,772.05,5.226,2.757,627.12,330.84,186.87,94.29,0.0,0.0,0.0,0.0,0.0,0.0,,0.0,0,0,0,0,0,8.0,9485.48,5116.45,2890.37,8006.82,118.47,11.23
2026-06-05T00:38:29.033+00:00,12257,3ededbfd-bb7b-4ced-bdd2-5584194b0c5d,,11,ESTOP,0x0C43,ESTOP|OVERVOLTAGE|I2C_TIMEOUT|SELFTEST|OVERPRESSURE,1,0,0,0,0,0,43.1,17.961,774.12,5.279,2.791,633.48,334.92,187.6,94.66,0.0,0.0,0.0,0.0,0.0,0.0,,0.0,0,0,0,0,0,8.0,9586.12,5198.8,2933.91,8132.71,117.87,5.62
2026-06-05T00:38:29.163+00:00,12387,3ededbfd-bb7b-4ced-bdd2-5584194b0c5d,,11,ESTOP,0x0C43,ESTOP|OVERVOLTAGE|I2C_TIMEOUT|SELFTEST|OVERPRESSURE,1,0,0,0,0,0,43.15,17.913,772.95,5.283,2.782,633.96,333.84,187.12,94.53,0.0,0.0,0.0,0.0,0.0,0.0,,0.0,0,0,0,0,0,8.0,9686.6,5281.22,2977.31,8258.53,117.29,-3.69
2026-06-05T00:38:29.294+00:00,12517,3ededbfd-bb7b-4ced-bdd2-5584194b0c5d,,11,ESTOP,0x0C43,ESTOP|OVERVOLTAGE|I2C_TIMEOUT|SELFTEST|OVERPRESSURE,1,0,0,0,0,0,43.1,17.864,769.94,5.23,2.755,627.6,330.6,185.65,94.17,0.0,0.0,0.0,0.0,0.0,0.0,,0.0,0,0,0,0,0,8.0,9786.69,5362.8,3020.29,8383.09,116.74,-11.31
2026-06-05T00:38:29.425+00:00,12647,3ededbfd-bb7b-4ced-bdd2-5584194b0c5d,,11,ESTOP,0x0C43,ESTOP|OVERVOLTAGE|I2C_TIMEOUT|SELFTEST|OVERPRESSURE,1,0,0,0,0,0,43.1,17.864,769.94,5.274,2.776,632.88,333.12,185.16,93.43,0.0,0.0,0.0,0.0,0.0,0.0,,0.0,0,0,0,0,0,8.0,9886.78,5445.08,3063.59,8508.67,116.2,-3.77
2026-06-05T00:38:29.555+00:00,12777,3ededbfd-bb7b-4ced-bdd2-5584194b0c5d,,11,ESTOP,0x0C43,ESTOP|OVERVOLTAGE|I2C_TIMEOUT|SELFTEST|OVERPRESSURE,1,0,0,0,0,0,43.1,17.864,769.94,5.257,2.765,630.84,331.8,185.89,94.04,0.0,0.0,0.0,0.0,0.0,0.0,,0.0,0,0,0,0,0,8.0,9986.87,5527.09,3106.73,8633.81,115.67,5.62
2026-06-05T00:38:29.684+00:00,12907,3ededbfd-bb7b-4ced-bdd2-5584194b0c5d,,11,ESTOP,0x0C43,ESTOP|OVERVOLTAGE|I2C_TIMEOUT|SELFTEST|OVERPRESSURE,1,0,0,0,0,0,43.1,17.864,769.94,5.268,2.775,632.16,333.0,187.12,94.53,0.0,0.0,0.0,0.0,0.0,0.0,,0.0,0,0,0,0,0,8.0,10086.97,5609.27,3150.02,8759.29,115.16,9.46
2026-06-05T00:38:29.815+00:00,13037,3ededbfd-bb7b-4ced-bdd2-5584194b0c5d,,11,ESTOP,0x0C43,ESTOP|OVERVOLTAGE|I2C_TIMEOUT|SELFTEST|OVERPRESSURE,1,0,0,0,0,0,43.1,17.864,769.94,5.331,2.807,639.72,336.84,187.36,94.66,0.0,0.0,0.0,0.0,0.0,0.0,,0.0,0,0,0,0,0,8.0,10187.06,5692.43,3193.81,8886.24,114.64,1.85
2026-06-05T00:38:29.945+00:00,13167,3ededbfd-bb7b-4ced-bdd2-5584194b0c5d,,11,ESTOP,0x0C43,ESTOP|OVERVOLTAGE|I2C_TIMEOUT|SELFTEST|OVERPRESSURE,1,0,0,0,0,0,43.15,17.815,768.72,5.292,2.789,635.04,334.68,186.63,94.41,0.0,0.0,0.0,0.0,0.0,0.0,,0.0,0,0,0,0,0,8.0,10286.99,5774.99,3237.31,9012.3,114.14,-5.62
2026-06-05T00:38:30.076+00:00,13297,3ededbfd-bb7b-4ced-bdd2-5584194b0c5d,,11,ESTOP,0x0C43,ESTOP|OVERVOLTAGE|I2C_TIMEOUT|SELFTEST|OVERPRESSURE,1,0,0,0,0,0,43.05,17.766,764.83,5.31,2.792,637.2,335.04,185.41,93.92,0.0,0.0,0.0,0.0,0.0,0.0,,0.0,0,0,0,0,0,8.0,10386.42,5857.82,3280.87,9138.69,113.65,-9.38
2026-06-05T00:38:30.207+00:00,13427,3ededbfd-bb7b-4ced-bdd2-5584194b0c5d,,11,ESTOP,0x0C43,ESTOP|OVERVOLTAGE|I2C_TIMEOUT|SELFTEST|OVERPRESSURE,1,0,0,0,0,0,43.1,17.815,767.83,5.319,2.796,638.28,335.52,185.16,93.68,0.0,0.0,0.0,0.0,0.0,0.0,,0.0,0,0,0,0,0,8.0,10486.24,5940.8,3324.49,9265.29,113.18,-1.92
2026-06-05T00:38:30.335+00:00,13557,3ededbfd-bb7b-4ced-bdd2-5584194b0c5d,,11,ESTOP,0x0C43,ESTOP|OVERVOLTAGE|I2C_TIMEOUT|SELFTEST|OVERPRESSURE,1,0,0,0,0,0,43.1,17.815,767.83,5.252,2.764,630.24,331.68,186.38,94.04,0.0,0.0,0.0,0.0,0.0,0.0,,0.0,0,0,0,0,0,8.0,10586.05,6022.73,3367.61,9390.34,112.73,9.38
2026-06-05T00:38:30.466+00:00,13688,3ededbfd-bb7b-4ced-bdd2-5584194b0c5d,,11,ESTOP,0x0C43,ESTOP|OVERVOLTAGE|I2C_TIMEOUT|SELFTEST|OVERPRESSURE,1,0,0,0,0,0,43.1,17.766,765.71,5.29,2.783,634.8,333.96,187.36,94.53,0.0,0.0,0.0,0.0,0.0,0.0,,0.0,0,0,0,0,0,8.0,10686.36,6105.89,3411.35,9517.24,112.28,7.48
2026-06-05T00:38:30.597+00:00,13818,3ededbfd-bb7b-4ced-bdd2-5584194b0c5d,,11,ESTOP,0x0C43,ESTOP|OVERVOLTAGE|I2C_TIMEOUT|SELFTEST|OVERPRESSURE,1,0,0,0,0,0,43.15,17.766,766.6,5.284,2.779,634.08,333.48,187.36,94.66,0.0,0.0,0.0,0.0,0.0,0.0,,0.0,0,0,0,0,0,8.0,10786.02,6188.32,3454.71,9643.03,111.85,0.0
2026-06-05T00:38:30.728+00:00,13948,3ededbfd-bb7b-4ced-bdd2-5584194b0c5d,,11,ESTOP,0x0C43,ESTOP|OVERVOLTAGE|I2C_TIMEOUT|SELFTEST|OVERPRESSURE,1,0,0,0,0,0,43.1,17.766,765.71,5.247,2.758,629.64,330.96,186.14,94.29,0.0,0.0,0.0,0.0,0.0,0.0,,0.0,0,0,0,0,0,8.0,10885.56,6270.17,3497.73,9767.9,111.44,-9.38
2026-06-05T00:38:30.858+00:00,14078,3ededbfd-bb7b-4ced-bdd2-5584194b0c5d,,11,ESTOP,0x0C43,ESTOP|OVERVOLTAGE|I2C_TIMEOUT|SELFTEST|OVERPRESSURE,1,0,0,0,0,0,43.1,17.766,765.71,5.29,2.776,634.8,333.12,185.41,93.8,0.0,0.0,0.0,0.0,0.0,0.0,,0.0,0,0,0,0,0,8.0,10985.11,6352.7,3541.04,9893.73,111.03,-5.62
2026-06-05T00:38:30.989+00:00,14209,3ededbfd-bb7b-4ced-bdd2-5584194b0c5d,,11,ESTOP,0x0C43,ESTOP|OVERVOLTAGE|I2C_TIMEOUT|SELFTEST|OVERPRESSURE,1,0,0,0,0,0,43.05,17.766,764.83,5.26,2.762,631.2,331.44,185.41,93.8,0.0,0.0,0.0,0.0,0.0,0.0,,0.0,0,0,0,0,0,8.0,11085.3,6435.38,3584.46,10019.84,110.63,0.0
2026-06-05T00:38:31.118+00:00,14339,3ededbfd-bb7b-4ced-bdd2-5584194b0c5d,,11,ESTOP,0x0C43,ESTOP|OVERVOLTAGE|I2C_TIMEOUT|SELFTEST|OVERPRESSURE,1,0,0,0,0,0,43.1,17.766,765.71,5.254,2.762,630.48,331.44,186.87,94.41,0.0,0.0,0.0,0.0,0.0,0.0,,0.0,0,0,0,0,0,8.0,11184.84,6517.35,3627.54,10144.89,110.25,11.23
2026-06-05T00:38:31.249+00:00,14469,3ededbfd-bb7b-4ced-bdd2-5584194b0c5d,,11,ESTOP,0x0C43,ESTOP|OVERVOLTAGE|I2C_TIMEOUT|SELFTEST|OVERPRESSURE,1,0,0,0,0,0,43.1,17.766,765.71,5.308,2.797,636.96,335.64,187.36,94.78,0.0,0.0,0.0,0.0,0.0,0.0,,0.0,0,0,0,0,0,8.0,11284.39,6600.15,3671.18,10271.33,109.86,3.77
2026-06-05T00:38:31.379+00:00,14599,3ededbfd-bb7b-4ced-bdd2-5584194b0c5d,,11,ESTOP,0x0C43,ESTOP|OVERVOLTAGE|I2C_TIMEOUT|SELFTEST|OVERPRESSURE,1,0,0,0,0,0,43.15,17.766,766.6,5.281,2.778,633.72,333.36,186.87,94.41,0.0,0.0,0.0,0.0,0.0,0.0,,0.0,0,0,0,0,0,8.0,11384.04,6682.54,3714.51,10397.05,109.49,-3.77
2026-06-05T00:38:31.510+00:00,14729,3ededbfd-bb7b-4ced-bdd2-5584194b0c5d,,11,ESTOP,0x0C43,ESTOP|OVERVOLTAGE|I2C_TIMEOUT|SELFTEST|OVERPRESSURE,1,0,0,0,0,0,43.1,17.766,765.71,5.3,2.784,636.0,334.08,185.65,93.92,0.0,0.0,0.0,0.0,0.0,0.0,,0.0,0,0,0,0,0,8.0,11483.59,6765.22,3757.94,10523.16,109.13,-9.38
2026-06-05T00:38:31.641+00:00,14859,3ededbfd-bb7b-4ced-bdd2-5584194b0c5d,,11,ESTOP,0x0C43,ESTOP|OVERVOLTAGE|I2C_TIMEOUT|SELFTEST|OVERPRESSURE,1,0,0,0,0,0,43.1,17.717,763.6,5.315,2.794,637.8,335.28,185.16,93.8,0.0,0.0,0.0,0.0,0.0,0.0,,0.0,0,0,0,0,0,8.0,11582.85,6848.13,3801.53,10649.66,108.76,-3.77
2026-06-05T00:38:31.771+00:00,14989,3ededbfd-bb7b-4ced-bdd2-5584194b0c5d,,11,ESTOP,0x0C43,ESTOP|OVERVOLTAGE|I2C_TIMEOUT|SELFTEST|OVERPRESSURE,1,0,0,0,0,0,43.1,17.717,763.6,5.253,2.767,630.36,332.04,185.89,94.04,0.0,0.0,0.0,0.0,0.0,0.0,,0.0,0,0,0,0,0,8.0,11682.12,6930.08,3844.69,10774.77,108.42,5.62
2026-06-05T00:38:31.900+00:00,15119,3ededbfd-bb7b-4ced-bdd2-5584194b0c5d,,11,ESTOP,0x0C43,ESTOP|OVERVOLTAGE|I2C_TIMEOUT|SELFTEST|OVERPRESSURE,1,0,0,0,0,0,43.1,17.668,761.49,5.291,2.788,634.92,334.56,187.12,94.53,0.0,0.0,0.0,0.0,0.0,0.0,,0.0,0,0,0,0,0,8.0,11781.12,7012.62,3888.19,10900.8,108.08,9.46
2026-06-05T00:38:32.031+00:00,15249,3ededbfd-bb7b-4ced-bdd2-5584194b0c5d,,11,ESTOP,0x0C43,ESTOP|OVERVOLTAGE|I2C_TIMEOUT|SELFTEST|OVERPRESSURE,1,0,0,0,0,0,43.1,17.668,761.49,5.297,2.784,635.64,334.08,187.36,94.66,0.0,0.0,0.0,0.0,0.0,0.0,,0.0,0,0,0,0,0,8.0,11880.11,7095.25,3931.62,11026.87,107.74,1.85
2026-06-05T00:38:32.164+00:00,15379,3ededbfd-bb7b-4ced-bdd2-5584194b0c5d,,11,ESTOP,0x0C43,ESTOP|OVERVOLTAGE|I2C_TIMEOUT|SELFTEST|OVERPRESSURE,1,0,0,0,0,0,43.1,17.668,761.49,5.244,2.754,629.28,330.48,186.38,94.29,0.0,0.0,0.0,0.0,0.0,0.0,,0.0,0,0,0,0,0,8.0,11979.1,7177.06,3974.58,11151.64,107.42,-7.54
2026-06-05T00:38:32.292+00:00,15509,3ededbfd-bb7b-4ced-bdd2-5584194b0c5d,,11,ESTOP,0x0C43,ESTOP|OVERVOLTAGE|I2C_TIMEOUT|SELFTEST|OVERPRESSURE,1,0,0,0,0,0,43.1,17.668,761.49,5.275,2.77,633.0,332.4,185.16,93.8,0.0,0.0,0.0,0.0,0.0,0.0,,0.0,0,0,0,0,0,8.0,12078.1,7259.35,4017.79,11277.14,107.1,-9.38
2026-06-05T00:38:32.423+00:00,15639,3ededbfd-bb7b-4ced-bdd2-5584194b0c5d,,11,ESTOP,0x0C43,ESTOP|OVERVOLTAGE|I2C_TIMEOUT|SELFTEST|OVERPRESSURE,1,0,0,0,0,0,43.1,17.668,761.49,5.255,2.751,630.6,330.12,184.92,93.8,0.0,0.0,0.0,0.0,0.0,0.0,,0.0,0,0,0,0,0,8.0,12177.09,7341.32,4060.71,11402.03,106.8,-1.85
2026-06-05T00:38:32.555+00:00,15769,3ededbfd-bb7b-4ced-bdd2-5584194b0c5d,,11,ESTOP,0x0C43,ESTOP|OVERVOLTAGE|I2C_TIMEOUT|SELFTEST|OVERPRESSURE,1,0,0,0,0,0,43.1,17.717,763.6,5.221,2.732,626.52,327.84,186.38,94.17,0.0,0.0,0.0,0.0,0.0,0.0,,0.0,0,0,0,0,0,8.0,12276.36,7422.77,4103.33,11526.1,106.51,11.23
2026-06-05T00:38:32.683+00:00,15899,3ededbfd-bb7b-4ced-bdd2-5584194b0c5d,,11,ESTOP,0x0C43,ESTOP|OVERVOLTAGE|I2C_TIMEOUT|SELFTEST|OVERPRESSURE,1,0,0,0,0,0,43.15,17.668,762.37,5.275,2.756,633.0,330.72,188.09,95.39,0.0,0.0,0.0,0.0,0.0,0.0,,0.0,0,0,0,0,0,8.0,12375.47,7505.06,4146.32,11651.38,106.21,13.15
2026-06-05T00:38:32.813+00:00,16029,3ededbfd-bb7b-4ced-bdd2-5584194b0c5d,,11,ESTOP,0x0C43,ESTOP|OVERVOLTAGE|I2C_TIMEOUT|SELFTEST|OVERPRESSURE,1,0,0,0,0,0,43.1,17.668,761.49,5.25,2.749,630.0,329.88,187.85,94.66,0.0,0.0,0.0,0.0,0.0,0.0,,0.0,0,0,0,0,0,8.0,12474.46,7586.96,4189.2,11776.17,105.93,-1.85
2026-06-05T00:38:32.944+00:00,16160,3ededbfd-bb7b-4ced-bdd2-5584194b0c5d,,11,ESTOP,0x0C43,ESTOP|OVERVOLTAGE|I2C_TIMEOUT|SELFTEST|OVERPRESSURE,1,0,0,0,0,0,43.05,17.619,758.5,5.242,2.743,629.04,329.16,185.65,94.29,0.0,0.0,0.0,0.0,0.0,0.0,,0.0,0,0,0,0,0,8.0,12573.83,7669.37,4232.32,11901.69,105.65,-16.79
2026-06-05T00:38:33.075+00:00,16290,3ededbfd-bb7b-4ced-bdd2-5584194b0c5d,,11,ESTOP,0x0C43,ESTOP|OVERVOLTAGE|I2C_TIMEOUT|SELFTEST|OVERPRESSURE,1,0,0,0,0,0,43.1,17.668,761.49,5.282,2.765,633.84,331.8,185.16,93.68,0.0,0.0,0.0,0.0,0.0,0.0,,0.0,0,0,0,0,0,8.0,12672.82,7751.76,4275.46,12027.22,105.37,-3.77
2026-06-05T00:38:33.205+00:00,16420,3ededbfd-bb7b-4ced-bdd2-5584194b0c5d,,11,ESTOP,0x0C43,ESTOP|OVERVOLTAGE|I2C_TIMEOUT|SELFTEST|OVERPRESSURE,1,0,0,0,0,0,43.1,17.668,761.49,5.25,2.746,630.0,329.52,185.65,93.92,0.0,0.0,0.0,0.0,0.0,0.0,,0.0,0,0,0,0,0,8.0,12771.81,7833.66,4318.3,12151.96,105.1,3.77
2026-06-05T00:38:33.334+00:00,16550,3ededbfd-bb7b-4ced-bdd2-5584194b0c5d,,11,ESTOP,0x0C43,ESTOP|OVERVOLTAGE|I2C_TIMEOUT|SELFTEST|OVERPRESSURE,1,0,0,0,0,0,43.05,17.668,760.61,5.265,2.757,631.8,330.84,186.87,94.29,0.0,0.0,0.0,0.0,0.0,0.0,,0.0,0,0,0,0,0,8.0,12870.69,7915.8,4361.31,12277.1,104.83,9.38
2026-06-05T00:38:33.464+00:00,16680,3ededbfd-bb7b-4ced-bdd2-5584194b0c5d,,11,ESTOP,0x0C43,ESTOP|OVERVOLTAGE|I2C_TIMEOUT|SELFTEST|OVERPRESSURE,1,0,0,0,0,0,43.15,17.668,762.37,5.301,2.776,636.12,333.12,187.36,94.78,0.0,0.0,0.0,0.0,0.0,0.0,,0.0,0,0,0,0,0,8.0,12969.8,7998.49,4404.61,12403.11,104.57,3.77
2026-06-05T00:38:33.595+00:00,16811,3ededbfd-bb7b-4ced-bdd2-5584194b0c5d,,11,ESTOP,0x0C43,ESTOP|OVERVOLTAGE|I2C_TIMEOUT|SELFTEST|OVERPRESSURE,1,0,0,0,0,0,43.15,17.619,760.26,5.255,2.757,630.6,330.84,186.63,94.41,0.0,0.0,0.0,0.0,0.0,0.0,,0.0,0,0,0,0,0,8.0,13069.4,8081.1,4447.95,12529.05,104.31,-5.57
2026-06-05T00:38:33.726+00:00,16941,3ededbfd-bb7b-4ced-bdd2-5584194b0c5d,,11,ESTOP,0x0C43,ESTOP|OVERVOLTAGE|I2C_TIMEOUT|SELFTEST|OVERPRESSURE,1,0,0,0,0,0,43.1,17.668,761.49,5.283,2.766,633.96,331.92,185.41,93.92,0.0,0.0,0.0,0.0,0.0,0.0,,0.0,0,0,0,0,0,8.0,13168.39,8163.52,4491.1,12654.62,104.06,-9.38
2026-06-05T00:38:33.857+00:00,17071,3ededbfd-bb7b-4ced-bdd2-5584194b0c5d,,11,ESTOP,0x0C43,ESTOP|OVERVOLTAGE|I2C_TIMEOUT|SELFTEST|OVERPRESSURE,1,0,0,0,0,0,43.1,17.619,759.38,5.284,2.765,634.08,331.8,185.41,93.8,0.0,0.0,0.0,0.0,0.0,0.0,,0.0,0,0,0,0,0,8.0,13267.11,8245.95,4534.23,12780.18,103.81,0.0
2026-06-05T00:38:33.987+00:00,17201,3ededbfd-bb7b-4ced-bdd2-5584194b0c5d,,11,ESTOP,0x0C43,ESTOP|OVERVOLTAGE|I2C_TIMEOUT|SELFTEST|OVERPRESSURE,1,0,0,0,0,0,43.15,17.619,760.26,5.223,2.737,626.76,328.44,186.38,94.04,0.0,0.0,0.0,0.0,0.0,0.0,,0.0,0,0,0,0,0,8.0,13365.94,8327.43,4576.93,12904.36,103.58,7.46
2026-06-05T00:38:34.116+00:00,17331,3ededbfd-bb7b-4ced-bdd2-5584194b0c5d,,11,ESTOP,0x0C43,ESTOP|OVERVOLTAGE|I2C_TIMEOUT|SELFTEST|OVERPRESSURE,1,0,0,0,0,0,43.1,17.619,759.38,5.262,2.76,631.44,331.2,187.36,94.66,0.0,0.0,0.0,0.0,0.0,0.0,,0.0,0,0,0,0,0,8.0,13464.66,8409.51,4619.99,13029.5,103.34,7.54
2026-06-05T00:38:34.247+00:00,17461,3ededbfd-bb7b-4ced-bdd2-5584194b0c5d,,11,ESTOP,0x0C43,ESTOP|OVERVOLTAGE|I2C_TIMEOUT|SELFTEST|OVERPRESSURE,1,0,0,0,0,0,43.1,17.619,759.38,5.253,2.754,630.36,330.48,187.36,94.66,0.0,0.0,0.0,0.0,0.0,0.0,,0.0,0,0,0,0,0,8.0,13563.38,8491.46,4662.95,13154.41,103.11,0.0
2026-06-05T00:38:34.377+00:00,17591,3ededbfd-bb7b-4ced-bdd2-5584194b0c5d,,11,ESTOP,0x0C43,ESTOP|OVERVOLTAGE|I2C_TIMEOUT|SELFTEST|OVERPRESSURE,1,0,0,0,0,0,43.15,17.619,760.26,5.213,2.729,625.56,327.48,186.38,94.17,0.0,0.0,0.0,0.0,0.0,0.0,,0.0,0,0,0,0,0,8.0,13662.21,8572.78,4705.52,13278.31,102.89,-7.54
2026-06-05T00:38:34.508+00:00,17721,3ededbfd-bb7b-4ced-bdd2-5584194b0c5d,,11,ESTOP,0x0C43,ESTOP|OVERVOLTAGE|I2C_TIMEOUT|SELFTEST|OVERPRESSURE,1,0,0,0,0,0,43.1,17.619,759.38,5.247,2.745,629.64,329.4,185.16,93.8,0.0,0.0,0.0,0.0,0.0,0.0,,0.0,0,0,0,0,0,8.0,13760.93,8654.64,4748.34,13402.98,102.67,-9.38
2026-06-05T00:38:34.639+00:00,17851,3ededbfd-bb7b-4ced-bdd2-5584194b0c5d,,11,ESTOP,0x0C43,ESTOP|OVERVOLTAGE|I2C_TIMEOUT|SELFTEST|OVERPRESSURE,1,0,0,0,0,0,43.1,17.619,759.38,5.228,2.733,627.36,327.96,185.41,93.8,0.0,0.0,0.0,0.0,0.0,0.0,,0.0,0,0,0,0,0,8.0,13859.65,8736.19,4790.98,13527.17,102.46,1.92
2026-06-05T00:38:34.770+00:00,17981,3ededbfd-bb7b-4ced-bdd2-5584194b0c5d,,11,ESTOP,0x0C43,ESTOP|OVERVOLTAGE|I2C_TIMEOUT|SELFTEST|OVERPRESSURE,1,0,0,0,0,0,43.15,17.57,758.15,5.209,2.728,625.08,327.36,186.63,94.41,0.0,0.0,0.0,0.0,0.0,0.0,,0.0,0,0,0,0,0,8.0,13958.21,8817.45,4833.54,13650.99,102.25,9.38
2026-06-05T00:38:34.898+00:00,18111,3ededbfd-bb7b-4ced-bdd2-5584194b0c5d,,11,ESTOP,0x0C43,ESTOP|OVERVOLTAGE|I2C_TIMEOUT|SELFTEST|OVERPRESSURE,1,0,0,0,0,0,43.15,17.619,760.26,5.26,2.759,631.2,331.08,187.36,94.78,0.0,0.0,0.0,0.0,0.0,0.0,,0.0,0,0,0,0,0,8.0,14057.05,8899.51,4876.58,13776.09,102.04,5.62
2026-06-05T00:38:35.029+00:00,18241,3ededbfd-bb7b-4ced-bdd2-5584194b0c5d,,11,ESTOP,0x0C43,ESTOP|OVERVOLTAGE|I2C_TIMEOUT|SELFTEST|OVERPRESSURE,1,0,0,0,0,0,43.1,17.619,759.38,5.238,2.746,628.56,329.52,187.12,94.53,0.0,0.0,0.0,0.0,0.0,0.0,,0.0,0,0,0,0,0,8.0,14155.77,8981.22,4919.41,13900.64,101.84,-1.85
2026-06-05T00:38:35.159+00:00,18371,3ededbfd-bb7b-4ced-bdd2-5584194b0c5d,,11,ESTOP,0x0C43,ESTOP|OVERVOLTAGE|I2C_TIMEOUT|SELFTEST|OVERPRESSURE,1,0,0,0,0,0,43.1,17.619,759.38,5.249,2.75,629.88,330.0,185.89,94.04,0.0,0.0,0.0,0.0,0.0,0.0,,0.0,0,0,0,0,0,8.0,14254.48,9063.11,4962.31,14025.42,101.63,-9.46
2026-06-05T00:38:35.290+00:00,18501,3ededbfd-bb7b-4ced-bdd2-5584194b0c5d,,11,ESTOP,0x0C43,ESTOP|OVERVOLTAGE|I2C_TIMEOUT|SELFTEST|OVERPRESSURE,1,0,0,0,0,0,43.1,17.57,757.27,5.279,2.762,633.48,331.44,184.92,93.56,0.0,0.0,0.0,0.0,0.0,0.0,,0.0,0,0,0,0,0,8.0,14352.93,9145.46,5005.4,14150.86,101.43,-7.46
2026-06-05T00:38:35.421+00:00,18632,3ededbfd-bb7b-4ced-bdd2-5584194b0c5d,,11,ESTOP,0x0C43,ESTOP|OVERVOLTAGE|I2C_TIMEOUT|SELFTEST|OVERPRESSURE,1,0,0,0,0,0,43.15,17.57,758.15,5.236,2.737,628.32,328.44,186.14,94.04,0.0,0.0,0.0,0.0,0.0,0.0,,0.0,0,0,0,0,0,8.0,14452.25,9227.77,5048.43,14276.2,101.23,9.31
2026-06-05T00:38:35.552+00:00,18762,3ededbfd-bb7b-4ced-bdd2-5584194b0c5d,,11,ESTOP,0x0C43,ESTOP|OVERVOLTAGE|I2C_TIMEOUT|SELFTEST|OVERPRESSURE,1,0,0,0,0,0,43.1,17.619,759.38,5.274,2.757,632.88,330.84,187.12,94.53,0.0,0.0,0.0,0.0,0.0,0.0,,0.0,0,0,0,0,0,8.0,14550.97,9310.04,5091.44,14401.48,101.04,7.54
2026-06-05T00:38:35.680+00:00,18892,3ededbfd-bb7b-4ced-bdd2-5584194b0c5d,,11,ESTOP,0x0C43,ESTOP|OVERVOLTAGE|I2C_TIMEOUT|SELFTEST|OVERPRESSURE,1,0,0,0,0,0,43.15,17.619,760.26,5.288,2.769,634.56,332.28,187.6,94.78,0.0,0.0,0.0,0.0,0.0,0.0,,0.0,0,0,0,0,0,8.0,14649.8,9392.54,5134.63,14527.17,100.84,3.69
2026-06-05T00:38:35.811+00:00,19022,3ededbfd-bb7b-4ced-bdd2-5584194b0c5d,,11,ESTOP,0x0C43,ESTOP|OVERVOLTAGE|I2C_TIMEOUT|SELFTEST|OVERPRESSURE,1,0,0,0,0,0,43.1,17.57,757.27,5.235,2.739,628.2,328.68,186.38,94.41,0.0,0.0,0.0,0.0,0.0,0.0,,0.0,0,0,0,0,0,8.0,14748.24,9474.2,5177.36,14651.56,100.66,-9.38
2026-06-05T00:38:35.942+00:00,19152,3ededbfd-bb7b-4ced-bdd2-5584194b0c5d,,11,ESTOP,0x0C43,ESTOP|OVERVOLTAGE|I2C_TIMEOUT|SELFTEST|OVERPRESSURE,1,0,0,0,0,0,43.1,17.619,759.38,5.274,2.751,632.88,330.12,185.16,93.8,0.0,0.0,0.0,0.0,0.0,0.0,,0.0,0,0,0,0,0,8.0,14846.96,9556.48,5220.28,14776.75,100.48,-9.38
2026-06-05T00:38:36.073+00:00,19282,3ededbfd-bb7b-4ced-bdd2-5584194b0c5d,,11,ESTOP,0x0C43,ESTOP|OVERVOLTAGE|I2C_TIMEOUT|SELFTEST|OVERPRESSURE,1,0,0,0,0,0,43.15,17.57,758.15,5.256,2.742,630.72,329.04,185.65,93.8,0.0,0.0,0.0,0.0,0.0,0.0,,0.0,0,0,0,0,0,8.0,14945.52,9638.47,5263.05,14901.52,100.3,3.77
2026-06-05T00:38:36.203+00:00,19412,3ededbfd-bb7b-4ced-bdd2-5584194b0c5d,,11,ESTOP,0x0C43,ESTOP|OVERVOLTAGE|I2C_TIMEOUT|SELFTEST|OVERPRESSURE,1,0,0,0,0,0,43.1,17.521,755.16,5.204,2.714,624.48,325.68,185.89,94.17,0.0,0.0,0.0,0.0,0.0,0.0,,0.0,0,0,0,0,0,8.0,15043.69,9719.65,5305.39,15025.04,100.12,1.85
2026-06-05T00:38:36.332+00:00,19543,3ededbfd-bb7b-4ced-bdd2-5584194b0c5d,,11,ESTOP,0x0C43,ESTOP|OVERVOLTAGE|I2C_TIMEOUT|SELFTEST|OVERPRESSURE,1,0,0,0,0,0,43.1,17.57,757.27,5.245,2.734,629.4,328.08,187.36,94.78,0.0,0.0,0.0,0.0,0.0,0.0,,0.0,0,0,0,0,0,8.0,15142.89,9802.1,5348.37,15150.47,99.95,11.22
2026-06-05T00:38:36.463+00:00,19673,3ededbfd-bb7b-4ced-bdd2-5584194b0c5d,,11,ESTOP,0x0C43,ESTOP|OVERVOLTAGE|I2C_TIMEOUT|SELFTEST|OVERPRESSURE,1,0,0,0,0,0,43.15,17.619,760.26,5.228,2.727,627.36,327.24,187.6,94.78,0.0,0.0,0.0,0.0,0.0,0.0,,0.0,0,0,0,0,0,8.0,15241.73,9883.66,5390.91,15274.57,99.78,1.85
2026-06-05T00:38:36.593+00:00,19803,3ededbfd-bb7b-4ced-bdd2-5584194b0c5d,,11,ESTOP,0x0C43,ESTOP|OVERVOLTAGE|I2C_TIMEOUT|SELFTEST|OVERPRESSURE,1,0,0,0,0,0,43.1,17.57,757.27,5.203,2.716,624.36,325.92,185.89,94.17,0.0,0.0,0.0,0.0,0.0,0.0,,0.0,0,0,0,0,0,8.0,15340.17,9964.83,5433.28,15398.11,99.62,-13.15
2026-06-05T00:38:36.724+00:00,19933,3ededbfd-bb7b-4ced-bdd2-5584194b0c5d,,11,ESTOP,0x0C43,ESTOP|OVERVOLTAGE|I2C_TIMEOUT|SELFTEST|OVERPRESSURE,1,0,0,0,0,0,43.1,17.521,755.16,5.249,2.738,629.88,328.56,184.92,93.68,0.0,0.0,0.0,0.0,0.0,0.0,,0.0,0,0,0,0,0,8.0,15438.34,10046.71,5475.99,15522.71,99.46,-7.46
2026-06-05T00:38:36.855+00:00,20063,3ededbfd-bb7b-4ced-bdd2-5584194b0c5d,,11,ESTOP,0x0C43,ESTOP|OVERVOLTAGE|I2C_TIMEOUT|SELFTEST|OVERPRESSURE,1,0,0,0,0,0,43.15,17.57,758.15,5.218,2.73,626.16,327.6,185.65,93.92,0.0,0.0,0.0,0.0,0.0,0.0,,0.0,0,0,0,0,0,8.0,15536.9,10128.11,5518.58,15646.69,99.3,5.62
2026-06-05T00:38:36.985+00:00,20193,3ededbfd-bb7b-4ced-bdd2-5584194b0c5d,,11,ESTOP,0x0C43,ESTOP|OVERVOLTAGE|I2C_TIMEOUT|SELFTEST|OVERPRESSURE,1,0,0,0,0,0,43.1,17.57,757.27,5.216,2.73,625.92,327.6,186.87,94.41,0.0,0.0,0.0,0.0,0.0,0.0,,0.0,0,0,0,0,0,8.0,15635.35,10209.48,5561.17,15770.65,99.14,9.38
2026-06-05T00:38:37.114+00:00,20323,3ededbfd-bb7b-4ced-bdd2-5584194b0c5d,,11,ESTOP,0x0C43,ESTOP|OVERVOLTAGE|I2C_TIMEOUT|SELFTEST|OVERPRESSURE,1,0,0,0,0,0,43.1,17.57,757.27,5.271,2.76,632.52,331.2,187.36,94.78,0.0,0.0,0.0,0.0,0.0,0.0,,0.0,0,0,0,0,0,8.0,15733.79,10291.71,5604.22,15895.94,98.98,3.77
2026-06-05T00:38:37.245+00:00,20453,3ededbfd-bb7b-4ced-bdd2-5584194b0c5d,,11,ESTOP,0x0C43,ESTOP|OVERVOLTAGE|I2C_TIMEOUT|SELFTEST|OVERPRESSURE,1,0,0,0,0,0,43.15,17.57,758.15,5.245,2.744,629.4,329.28,187.12,94.53,0.0,0.0,0.0,0.0,0.0,0.0,,0.0,0,0,0,0,0,8.0,15832.35,10373.53,5647.03,16020.56,98.83,-1.85
2026-06-05T00:38:37.376+00:00,20583,3ededbfd-bb7b-4ced-bdd2-5584194b0c5d,,11,ESTOP,0x0C43,ESTOP|OVERVOLTAGE|I2C_TIMEOUT|SELFTEST|OVERPRESSURE,1,0,0,0,0,0,43.15,17.57,758.15,5.267,2.76,632.04,331.2,185.65,93.92,0.0,0.0,0.0,0.0,0.0,0.0,,0.0,0,0,0,0,0,8.0,15930.91,10455.7,5690.09,16145.78,98.67,-11.31
2026-06-05T00:38:37.506+00:00,20713,3ededbfd-bb7b-4ced-bdd2-5584194b0c5d,,11,ESTOP,0x0C43,ESTOP|OVERVOLTAGE|I2C_TIMEOUT|SELFTEST|OVERPRESSURE,1,0,0,0,0,0,43.15,17.57,758.15,5.279,2.768,633.48,332.16,185.16,93.8,0.0,0.0,0.0,0.0,0.0,0.0,,0.0,0,0,0,0,0,8.0,16029.47,10538.05,5733.27,16271.32,98.51,-3.77
2026-06-05T00:38:37.637+00:00,20843,3ededbfd-bb7b-4ced-bdd2-5584194b0c5d,,11,ESTOP,0x0C43,ESTOP|OVERVOLTAGE|I2C_TIMEOUT|SELFTEST|OVERPRESSURE,1,0,0,0,0,0,43.1,17.521,755.16,5.221,2.734,626.52,328.08,186.14,94.17,0.0,0.0,0.0,0.0,0.0,0.0,,0.0,0,0,0,0,0,8.0,16127.64,10619.5,5775.92,16395.42,98.37,7.54
2026-06-05T00:38:37.768+00:00,20973,3ededbfd-bb7b-4ced-bdd2-5584194b0c5d,,11,ESTOP,0x0C43,ESTOP|OVERVOLTAGE|I2C_TIMEOUT|SELFTEST|OVERPRESSURE,1,0,0,0,0,0,43.05,17.521,754.28,5.255,2.752,630.6,330.24,186.87,94.53,0.0,0.0,0.0,0.0,0.0,0.0,,0.0,0,0,0,0,0,8.0,16225.69,10701.48,5818.85,16520.33,98.22,5.62
2026-06-05T00:38:37.896+00:00,21103,3ededbfd-bb7b-4ced-bdd2-5584194b0c5d,,11,ESTOP,0x0C43,ESTOP|OVERVOLTAGE|I2C_TIMEOUT|SELFTEST|OVERPRESSURE,1,0,0,0,0,0,43.15,17.521,756.03,5.262,2.758,631.44,330.96,187.36,94.9,0.0,0.0,0.0,0.0,0.0,0.0,,0.0,0,0,0,0,0,8.0,16323.98,10783.56,5861.87,16645.44,98.07,3.77
2026-06-05T00:38:38.027+00:00,21233,3ededbfd-bb7b-4ced-bdd2-5584194b0c5d,,11,ESTOP,0x0C43,ESTOP|OVERVOLTAGE|I2C_TIMEOUT|SELFTEST|OVERPRESSURE,1,0,0,0,0,0,43.1,17.57,757.27,5.214,2.734,625.68,328.08,186.38,94.29,0.0,0.0,0.0,0.0,0.0,0.0,,0.0,0,0,0,0,0,8.0,16422.42,10864.9,5904.52,16769.43,97.93,-7.54
2026-06-05T00:38:38.158+00:00,21364,3ededbfd-bb7b-4ced-bdd2-5584194b0c5d,,11,ESTOP,0x0C43,ESTOP|OVERVOLTAGE|I2C_TIMEOUT|SELFTEST|OVERPRESSURE,1,0,0,0,0,0,43.1,17.57,757.27,5.242,2.745,629.04,329.4,185.16,93.8,0.0,0.0,0.0,0.0,0.0,0.0,,0.0,0,0,0,0,0,8.0,16521.63,10947.31,5947.68,16894.98,97.79,-9.31
2026-06-05T00:38:38.289+00:00,21494,3ededbfd-bb7b-4ced-bdd2-5584194b0c5d,,11,ESTOP,0x0C43,ESTOP|OVERVOLTAGE|I2C_TIMEOUT|SELFTEST|OVERPRESSURE,1,0,0,0,0,0,43.1,17.57,757.27,5.222,2.734,626.64,328.08,185.41,93.8,0.0,0.0,0.0,0.0,0.0,0.0,,0.0,0,0,0,0,0,8.0,16620.07,11028.77,5990.33,17019.1,97.66,1.92
2026-06-05T00:38:38.419+00:00,21624,3ededbfd-bb7b-4ced-bdd2-5584194b0c5d,,11,ESTOP,0x0C43,ESTOP|OVERVOLTAGE|I2C_TIMEOUT|SELFTEST|OVERPRESSURE,1,0,0,0,0,0,43.15,17.57,758.15,5.194,2.719,623.28,326.28,186.63,94.29,0.0,0.0,0.0,0.0,0.0,0.0,,0.0,0,0,0,0,0,8.0,16718.63,11109.8,6032.74,17142.54,97.53,9.38
2026-06-05T00:38:38.550+00:00,21754,3ededbfd-bb7b-4ced-bdd2-5584194b0c5d,,11,ESTOP,0x0C43,ESTOP|OVERVOLTAGE|I2C_TIMEOUT|SELFTEST|OVERPRESSURE,1,0,0,0,0,0,43.1,17.521,755.16,5.249,2.75,629.88,330.0,187.6,94.66,0.0,0.0,0.0,0.0,0.0,0.0,,0.0,0,0,0,0,0,8.0,16816.8,11191.68,6075.64,17267.32,97.39,7.46
2026-06-05T00:38:38.678+00:00,21884,3ededbfd-bb7b-4ced-bdd2-5584194b0c5d,,11,ESTOP,0x0C43,ESTOP|OVERVOLTAGE|I2C_TIMEOUT|SELFTEST|OVERPRESSURE,1,0,0,0,0,0,43.15,17.619,760.26,5.233,2.742,627.96,329.04,186.87,94.66,0.0,0.0,0.0,0.0,0.0,0.0,,0.0,0,0,0,0,0,8.0,16915.63,11273.31,6118.42,17391.73,97.26,-5.62
2026-06-05T00:38:38.809+00:00,22014,3ededbfd-bb7b-4ced-bdd2-5584194b0c5d,,11,ESTOP,0x0C43,ESTOP|OVERVOLTAGE|I2C_TIMEOUT|SELFTEST|OVERPRESSURE,1,0,0,0,0,0,43.15,17.57,758.15,5.23,2.734,627.6,328.08,185.89,94.17,0.0,0.0,0.0,0.0,0.0,0.0,,0.0,0,0,0,0,0,8.0,17014.19,11354.9,6161.07,17515.97,97.14,-7.54
2026-06-05T00:38:38.940+00:00,22145,3ededbfd-bb7b-4ced-bdd2-5584194b0c5d,,11,ESTOP,0x0C43,ESTOP|OVERVOLTAGE|I2C_TIMEOUT|SELFTEST|OVERPRESSURE,1,0,0,0,0,0,43.1,17.57,757.27,5.271,2.758,632.52,330.96,185.16,93.68,0.0,0.0,0.0,0.0,0.0,0.0,,0.0,0,0,0,0,0,8.0,17113.39,11437.76,6204.42,17642.19,97.0,-5.57
2026-06-05T00:38:39.071+00:00,22275,3ededbfd-bb7b-4ced-bdd2-5584194b0c5d,,11,ESTOP,0x0C43,ESTOP|OVERVOLTAGE|I2C_TIMEOUT|SELFTEST|OVERPRESSURE,1,0,0,0,0,0,43.05,17.521,754.28,5.236,2.733,628.32,327.96,185.65,93.8,0.0,0.0,0.0,0.0,0.0,0.0,,0.0,0,0,0,0,0,8.0,17211.45,11519.44,6247.06,17766.5,96.88,3.77
2026-06-05T00:38:39.201+00:00,22405,3ededbfd-bb7b-4ced-bdd2-5584194b0c5d,,11,ESTOP,0x0C43,ESTOP|OVERVOLTAGE|I2C_TIMEOUT|SELFTEST|OVERPRESSURE,1,0,0,0,0,0,43.15,17.57,758.15,5.263,2.75,631.56,330.0,186.87,94.53,0.0,0.0,0.0,0.0,0.0,0.0,,0.0,0,0,0,0,0,8.0,17310.01,11601.55,6289.96,17891.51,96.75,9.38
